Vit's,4.21
Royal Umbrella,3.00
Yamachan,4.57
E-mi,3.75
Long Jun Hang,2.62
Marutai,4.19
Wu-Mu,3.77
United,2.92
Wang,3.36
Saji,4.12
Sunfeast,4.25
MAMA,3.85
Ten-In,2.50
Ko-Lee,3.48
GS25,4.25
Hua Feng Noodle Expert,2.00
Torishi,5.00
A1,3.08
Jackpot Teriyaki,5.00
Sura,3.75
Trident,2.75
Yamamori,4.62
Peyang,5.00
Sempio,4.25
Itsuki,3.62
Uncle Sun,3.75
US Canning,.00
Sunlee,3.00
Qin Zong,3.00
Mi E-Zee,3.15
Mee Jang,3.29
Alhami,3.89
Fashion Foods,1.80
Singa-Me,3.00
Tokachimen Koubou,2.25
Nona Lim,4.19
Mr. Udon,3.12
Dream Kitchen,3.94
Kailo,3.25
Nagao Noodle,4.25
Lishan Food Manufacturing,3.50
Ibumie,3.75
ABC,4.21
Song Hak,5.00
Wai Wai,2.93
Paldo Vina,2.58
Mama Pat's,4.00
Super Bihun,3.95
Samyang Foods,3.99
Unox,3.38
Western Family,1.71
One Dish Asia,.00
Fujiwara,4.04
Salam Mie,4.62
Tiger,.00
Q,3.25
Kabuto Noodles,3.85
O Sung,2.50
Yamamoto,4.19
Choumama,4.00
Hao Way,3.84
1 To 3 Noodles,4.00
Higashimaru,4.50
Saigon Ve Wong,3.23
Little Cook,3.34
FMF,4.12
Asian Thai Foods,3.52
Golden Wonder,4.25
Guava Story,1.00
ICA,3.12
Katoz,3.50
Wei Lih,3.55
Pirkka,3.58
Mama,3.63
Bon Go Jang,3.38
Golden Wheat,3.12
Noodle Time,1.75
Sanrio,3.75
Payless,3.83
Love Cook,4.20
Liang Cheng Mai,1.00
Econsave,3.50
Sunny Maid,1.75
Sichuan Baijia,4.00
Seven & I,5.00
Kumamoto,2.50
Global Inspiration,2.25
S&S,4.00
Chewy,2.62
Lucky Me!,3.29
Gau Do,3.12
Sakurai,3.50
Haioreum,3.50
JFC,4.12
Adabi,3.81
Seven-Eleven,4.50
Xiuhe,4.00
Vedan,2.42
Tokushima Seifun,3.81
World O' Noodle,5.00
Annie Chun's,3.48
Suimin,3.19
Chering Chang,4.35
Mie Sedaap,1.50
Zow Zow,3.75
iMee,3.50
Great Value,3.29
Nongshim,4.02
Asia Gold,3.44
Rocket Brand,2.50
Hankow,3.62
Miracle Noodle,4.00
Happy Noodle,5.00
Osaka Ramen,3.75
Xiao Ban Mian,4.33
Dragonfly,4.06
Dongwon,4.50
Komforte Chockolates,5.00
Sanyo Foods,4.50
Indomie,4.06
Ripe'n'Dry,2.08
Goku-Uma,3.50
Unif-100,3.88
Tung-I,3.00
Springlife,3.00
Fantastic,3.00
Ah Lai,4.75
Sarimi,3.89
Binh Tay,3.42
Fuku,3.75
Wei Wei,3.42
Maitri,4.25
Tseng Noodles,4.82
iNoodle,3.00
Liu Quan,3.62
Bamee,3.30
Sichuan Guangyou,2.00
Crystal Noodle,.25
Tradition,3.20
Prima,5.00
Hosoonyi,3.75
Mum Ngon,4.00
Fashion Food,3.33
Yum-Mie,3.50
Forest Noodles,4.19
Paldo,4.00
Conimex,2.05
Good Tto Leu Foods,4.00
Wu Mu,3.64
Koh Thai,1.69
Teriyaki Time,2.00
Knorr,2.88
Myojo,3.83
Nanyang Chef,4.88
Higashi,5.00
Weh Lih,1.00
Bonasia,3.50
Han's South Korea,3.25
Rhee Bros Assi,3.46
Campbell's,1.00
Amianda,3.95
Yamadai,3.25
Baijia,1.25
SuperMi,4.22
Souper,4.00
Chencun,3.40
GreeNoodle,1.50
Sao Tao,3.00
Lele,3.50
Premiere,3.88
Nissin,3.93
Kim Ve Wong,.00
Happy Cook,4.33
Fortune,2.69
A-Sha Dry Noodle,4.08
No Name,2.38
Kuriki,4.42
Ve Wong,3.16
Sanpo,4.00
Farmer's Heart,4.00
Sau Tao,3.53
Sakurai Foods,4.17
Yum Yum,3.75
Migawon,3.50
Happy Family,3.88
Mr. Noodles,2.02
Dr. McDougall's,.00
Azami,1.95
Acecook,3.27
Sahmyook,3.25
Smack,1.50
Hokkaido Ramen Santouka,4.75
Miliket,3.75
MyOri,5.00
E-Zee,4.25
Hsin Tung Yang,.00
President,4.50
Sutah,2.00
A-One,2.75
Ching's Secret,3.75
Oni Hot Pot,3.75
HoMyeonDang,4.10
Nagatanien,2.75
Curry Prince,4.00
Tesco,1.56
Snapdragon,3.20
Nanoblock,1.00
Thien Houng Foods,3.25
Batchelors,2.92
Ajinatori,3.50
Patanjali,5.00
Unif Tung-I,1.00
Pulmuone,3.84
Jingqi,4.33
New Way,4.00
La Fonte,4.00
Ishimaru,4.50
ORee Garden,5.00
Chikara,4.50
Maggi,3.58
Unif / Tung-I,3.11
Daifuku,5.00
Pama,3.75
Takamori,5.00
Just Way,3.00
Chuan Wei Wang,3.62
Ottogi,3.37
Authentically Asian,1.00
Shan,3.20
Doll,3.30
Fu Chang Chinese Noodle Company,4.00
La Moderna,3.25
Thai Kitchen,3.38
Kim's Bowl,3.50
Tao Kae Noi,5.00
Morre,4.00
Blount,5.00
Menraku,4.25
Tasty Bite,3.88
GaGa,3.79
New Touch,4.28
Lotus Foods,3.17
Hi-Myon,4.00
Mug Shot,3.00
Quickchow,3.20
Hua Feng,4.00
Sainsbury's,2.70
Mr. Lee's Noodles,3.50
Omachi,3.75
Tayho,1.25
Pot Noodle,3.00
Samyang,3.34
GGE,3.50
Emart,3.82
Foodmon,5.00
JML,3.87
Nakaya Shouten,4.00
The Kitchen Food,4.50
J.J.,3.88
Mom's Dry Noodle,4.83
TableMark,4.12
Ruski,3.83
Sunlight,2.10
Sokensha,3.50
Oyatsu,3.62
Lee Fah Mee,4.00
Thai Smile,2.00
Daraz,3.00
Mitoku,.25
Fuji Mengyo,3.50
Kin-Dee,3.75
Isoyama Shoji,.00
Samurai Ramen,4.00
President Rice,3.00
Tablemark,4.42
Chaudhary's Wai Wai,2.50
Mexi-Ramen,2.50
Nan Hsing,.25
Boss,2.50
Super,3.60
Thai Choice,3.42
Wugudaochang,4.12
KOKA,4.15
MyKuali,4.94
Six Fortune,3.08
Wei Chuan,3.62
Daikoku,3.94
Healtimie,3.75
Eat & Go,4.20
Shirakiku,3.30
Nyor Nyar,5.00
Kimura,5.00
Kang Shi Fu,4.15
Tiger Tiger,2.38
Goku Uma,3.75
Pop Bihun,3.75
Cintan,3.30
Sawadee,2.38
CJ CheilJedang,2.88
Ohsung,3.50
Mikka,3.92
Unzen,1.00
Lipton,1.50
TRDP,3.75
Prima Taste,5.00
Cap Atoom Bulan,3.00
Master Kong,3.86
Koyo,2.04
Four Seas,3.19
Plats Du Chef,5.00
Unif,3.55
Baltix,3.50
The Bridge,5.00
Gomex,2.88
Gefen,3.44
Chorip Dong,4.25
Sakura Noodle,3.90
Urban Noodle,2.50
TTL,4.92
Noah Foods,2.38
Ogasawara,4.75
Star Anise Foods,3.75
Takamori Kosan,4.16
Sugakiya Foods,3.88
Pringles,3.50
ChoripDong,5.00
Pamana,3.50
Nan Jie Cun,.50
Maruchan,3.59
Deshome,4.13
Daddy,5.00
Amino,3.50
Mi Sedaap,4.15
Tokyo Noodle,3.44
Uni-President,3.98
Golden Mie,3.58
Baixiang Noodles,3.70
CarJEN,4.93
Tseng Noodle,5.00
Papa,3.25
Pran,4.00
Thai Pavilion,3.25
Sun Noodle,4.46
Westbrae,.50
Men-Sunaoshi,3.75
Vina Acecook,3.54
Thai Chef,3.69
The Ramen Rater Select,5.00
Right Foods,1.75
Gookmul,3.50
Long Kow,2.06
Lishan,1.50
Mamee,3.94
Kiki Noodle,5.00
Roland,.00
Aroi,4.50
Tropicana Slim,3.75
Koka,3.75
Itomen,4.00
China Best,1.00
Sapporo Ichiban,3.87
IbuRamen,2.50
Ikeda Shoku,4.12
Kamfen,3.48
Vifon,3.05
